,index,hosp,df_hosp_map,route,route_open,lat,long
0,0,hillary hospital,"[86.7047464, 27.8237607]",{},{},86.7047464,27.8237607
1,1,national trauma center,"[85.3131885, 27.7042169]",{},{},85.3131885,27.7042169
2,2,tilganga institute of opthalmology,"[85.3507552, 27.7053569]",{},{},85.3507552,27.7053569
3,3,kist hospital,"[85.3342356, 27.6621347]",{},{},85.3342356,27.6621347
4,4,norvic hospital,"[85.3191816, 27.6900833]",{},{},85.3191816,27.6900833
5,5,paropakar maternity hospital,"[85.318916, 27.6893446]",{},{},85.318916,27.6893446
6,6,everest hospital,"[85.3328595, 27.6885015]",{},{},85.3328595,27.6885015
7,7,civil service hospital,"[85.339233, 27.686574]",{},{},85.339233,27.686574
9,9,bir hospital,"[85.3133526, 27.7051847]",{},{},83.7496322,28.2444519
10,10,ayurvedic hospital,"[83.7496322, 28.2444519]",{},{},83.9901417,28.2258835
11,11,fishtail hospital & research centre,"[83.9901417, 28.2258835]",{},{},84.3206551,27.4541605
12,12,madi hospital,"[84.3206551, 27.4541605]",{},{},85.5108295,27.6286462
13,13,human rehabilitation and development centre,"[85.5108295, 27.6286462]",{},{},85.311921,27.6733681
14,14,animal hospital,"[85.311921, 27.6733681]",{},{},82.0174473,29.3438767
15,15,health post,"[82.0174473, 29.3438767]",{},{},85.3460066,27.7487184
16,16,upendra devkota memorial neuro hospital,"[85.3460066, 27.7487184]",{},{},85.3436065,27.7458425
17,17,shahid gangalal national heart centre,"[85.3436065, 27.7458425]",{},{},85.3282003,27.7347774
18,18,kanti children's hospital,"[85.3282003, 27.7347774]",{},{},85.3150696,27.6745499
19,19,alka hospital,"[85.3150696, 27.6745499]",{},{},85.4219227,27.6723866
20,20,bhaktapur hospital,"[85.4219227, 27.6723866]",{},{},85.2902533,27.6757294
21,21,ayurvedic teaching hospital (opd),"[85.2902533, 27.6757294]",{},{},85.3311083,27.7227182
22,22,biomed hospital,"[85.3311083, 27.7227182]",{},{},85.3359538,27.7410146
23,23,basundhara polyclinic,"[85.3359538, 27.7410146]",{},{},85.3287661,27.7358302
24,24,manmohan cardiothoracic vascular & transplant center,"[85.3287661, 27.7358302]",{},{},85.3305854,27.7359505
25,25,orthopedics and dental,"[85.3305854, 27.7359505]",{},{},85.4155938,27.7355736
26,26,mental hospital,"[85.4155938, 27.7355736]",{},{},85.4323416,27.6683316
27,27,siddhi memorial hospital,"[85.4323416, 27.6683316]",{},{},85.3140081,27.6928271
28,28,guthi sansthan head office,"[85.3140081, 27.6928271]",{},{},85.3136594,27.6931062
29,29,nepal eye hospital,"[85.3136594, 27.6931062]",{},{},85.3826229,27.6739095
30,30,national tuberculosis center,"[85.3826229, 27.6739095]",{},{},85.3819795,27.6739028
31,31,saarctuberculosis center,"[85.3819795, 27.6739028]",{},{},85.5362502,27.5644173
32,32,khopasi health post,"[85.5362502, 27.5644173]",{},{},85.3448629,27.721342
33,33,om hospital and research center,"[85.3448629, 27.721342]",{},{},83.913766,28.1217537
34,34,pawai gamde hospital,"[83.913766, 28.1217537]",{},{},85.3283676,27.7347474
35,35,kanti children hospital,"[85.3283676, 27.7347474]",{},{},85.4920786,27.6374828
36,36,spinal injury rahabilitation center,"[85.4920786, 27.6374828]",{},{},85.3267247,27.7393867
37,37,bp smriti hospital,"[85.3267247, 27.7393867]",{},{},85.3329206,27.7425021
38,38,ishan children and women's hospital (p) ltd.,"[85.3329206, 27.7425021]",{},{},85.3805787,27.7335133
39,39,nepal medical college and teaching hospital,"[85.3805787, 27.7335133]",{},{},85.3215698,27.6948213
40,40,annapurna neurological institute and applied sciences,"[85.3215698, 27.6948213]",{},{},85.3341273,27.7175957
41,41,nepal hypnosis,"[85.3341273, 27.7175957]",{},{},85.3249644,27.7060185
42,42,swatha parichyan,"[85.3249644, 27.7060185]",{},{},86.0483627,27.6634485
43,43,tshorolpa hospital,"[86.0483627, 27.6634485]",{},{},85.4116994,27.6723866
44,44,dr.iwanura memorial hospital and research center,"[85.4116994, 27.6723866]",{},{},83.996356,28.2364526
45,45,manipal college of medical sciences,"[83.996356, 28.2364526]",{},{},85.3464897,27.7177485
46,46,himal dental hospital,"[85.3464897, 27.7177485]",{},{},85.3456041,27.7056413
47,47,mahendra narayan nidhi memorial hospital,"[85.3456041, 27.7056413]",{},{},85.3346364,27.6853788
48,48,kantipur diagnostic center,"[85.3346364, 27.6853788]",{},{},82.1575651,29.5107878
49,49,pharmacy,"[82.1575651, 29.5107878]",{},{},85.2810899,27.7090822
50,50,suvechhya hospital,"[85.2810899, 27.7090822]",{},{},85.3033195,27.7281844
51,51,janamaitri hospital,"[85.3033195, 27.7281844]",{},{},85.3146498,27.7262754
52,52,new sushil polyclinic and diagnosis center,"[85.3146498, 27.7262754]",{},{},85.3377866,27.6434615
53,53,nepal plastic surgery hospital,"[85.3377866, 27.6434615]",{},{},85.2814678,27.7135531
54,54,manmohan hospital,"[85.2814678, 27.7135531]",{},{},85.5219599,27.6297024
55,55,kb polyclinic,"[85.5219599, 27.6297024]",{},{},85.0025856,27.0274229
56,56,kalaiya hospital,"[85.0025856, 27.0274229]",{},{},85.3337024,27.7421363
57,57,chartered dental hospital,"[85.3337024, 27.7421363]",{},{},81.6185653,28.5997884
58,58,आंखा अस्पताल,"[81.6185653, 28.5997884]",{},{},85.3214641,27.6583883
59,59,laliguras hospital,"[85.3214641, 27.6583883]",{},{},85.3257581,27.6448249
60,60,sumeru hospital,"[85.3257581, 27.6448249]",{},{},85.318803,27.6615713
61,61,ganesh memorial hospital,"[85.318803, 27.6615713]",{},{},85.3455955,27.6958828
62,62,natural health hospital,"[85.3455955, 27.6958828]",{},{},85.7110355,27.7804855
63,63,chautara district hospital,"[85.7110355, 27.7804855]",{},{},85.3462024,27.7174619
64,64,helping hands community hospital,"[85.3462024, 27.7174619]",{},{},85.3462818,27.7174821
65,65,"helping hands community hospital,chabahil","[85.3462818, 27.7174821]",{},{},85.3300927,27.7314192
66,66,nepal beijing friendship hospital,"[85.3300927, 27.7314192]",{},{},85.3353044,27.7079579
67,67,welcare hospital and research centre,"[85.3353044, 27.7079579]",{},{},85.3287073,27.7352926
68,68,maruti children hospital,"[85.3287073, 27.7352926]",{},{},85.3227706,27.7372446
69,69,green city hospital,"[85.3227706, 27.7372446]",{},{},85.3500416,27.7143498
70,70,new life health care pvt. ltd.,"[85.3500416, 27.7143498]",{},{},85.3301453,27.7536881
71,71,mhf,"[85.3301453, 27.7536881]",{},{},85.3464689,27.7179724
72,72,shrijana medical centre & polyclinic,"[85.3464689, 27.7179724]",{},{},85.2608121,27.6865943
73,73,om samaj dental hospital,"[85.2608121, 27.6865943]",{},{},85.346487,27.7520403
74,74,north point hospital,"[85.346487, 27.7520403]",{},{},85.3397719,27.743867
75,75,mediasia diagonastics centre,"[85.3397719, 27.743867]",{},{},85.383778,27.6788564
76,76,nepal korea friendship hospital,"[85.383778, 27.6788564]",{},{},85.3456546,27.7513229
77,77,golfutar eye hospital,"[85.3456546, 27.7513229]",{},{},85.3576565,27.7257273
78,78,samaj dental hospital,"[85.3576565, 27.7257273]",{},{},85.3599134,27.7245571
79,79,shechan clinic & hospice,"[85.3599134, 27.7245571]",{},{},85.3683181,27.6965841
80,80,gandhi samudayek hospital,"[85.3683181, 27.6965841]",{},{},85.3407666,27.6726044
81,81,punarjiban hospital,"[85.3407666, 27.6726044]",{},{},85.3879984,27.6725806
82,82,madhyapur hospital,"[85.3879984, 27.6725806]",{},{},85.3439525,27.7318431
83,83,vibor hotel,"[85.3439525, 27.7318431]",{},{},85.3614285,27.6913477
84,84,motherland hospital pvt. ltd,"[85.3614285, 27.6913477]",{},{},85.3684104,27.6966655
85,85,gandhi samudayik hospital,"[85.3684104, 27.6966655]",{},{},85.3457892,27.7168098
86,86,biraj dental hospital & research centre,"[85.3457892, 27.7168098]",{},{},85.3181869,27.7036968
87,87,kathmandu e.n.t. hospital and research center,"[85.3181869, 27.7036968]",{},{},85.3175332,27.7345114
88,88,all nepal hospital,"[85.3175332, 27.7345114]",{},{},85.3263736,27.7312821
89,89,international friendship children's hospital,"[85.3263736, 27.7312821]",{},{},85.3165852,27.6856246
90,90,sarvanga hospital,"[85.3165852, 27.6856246]",{},{},85.3106762,27.6942644
91,91,blue lotus hospital,"[85.3106762, 27.6942644]",{},{},85.3201384,27.7026808
92,92,kathmandu model hospital,"[85.3201384, 27.7026808]",{},{},85.3181176,27.7062452
93,93,blue cross diagnostic center,"[85.3181176, 27.7062452]",{},{},85.3181893,27.7065044
94,94,kathmandu model hospital dental department,"[85.3181893, 27.7065044]",{},{},85.3063158,27.6795847
95,95,kundalini hospital,"[85.3063158, 27.6795847]",{},{},85.3148149,27.6760179
96,96,sumeru city hospital,"[85.3148149, 27.6760179]",{},{},85.3145881,27.6759593
97,97,smart designs private limited,"[85.3145881, 27.6759593]",{},{},85.2983083,27.6842761
98,98,vayodha hospital,"[85.2983083, 27.6842761]",{},{},85.273743,27.6825633
99,99,kirtipur hospital,"[85.273743, 27.6825633]",{},{},85.2979812,27.685655
100,100,shiva jyoti hospital & research center,"[85.2979812, 27.685655]",{},{},85.3449641,27.6856879
101,101,kantipur hospital,"[85.3449641, 27.6856879]",{},{},85.3596364,27.6741397
102,102,summit hospital,"[85.3596364, 27.6741397]",{},{},85.359746,27.6734575
103,103,manohara samudayik swastha kendra,"[85.359746, 27.6734575]",{},{},85.2971525,27.6852771
104,104,swastik dental hospital pvt. ltd.,"[85.2971525, 27.6852771]",{},{},85.3248821,27.6667865
105,105,midat hospital,"[85.3248821, 27.6667865]",{},{},85.3294885,27.685116
106,106,ham's hospital,"[85.3294885, 27.685116]",{},{},85.3254955,27.7528869
107,107,grande international hospital,"[85.3254955, 27.7528869]",{},{},85.4607173,27.7275036
108,108,people's life care hospital,"[85.4607173, 27.7275036]",{},{},85.2591226,27.6863982
109,109,om samaj hospital,"[85.2591226, 27.6863982]",{},{},84.8884236,27.9132371
110,110,sahid memorial hospital,"[84.8884236, 27.9132371]",{},{},85.3299517,27.6517246
111,111,tranquiliy hospital and research center,"[85.3299517, 27.6517246]",{},{},85.3327187,27.7424582
112,112,baluwatar polyclinic,"[85.3327187, 27.7424582]",{},{},85.3045908,27.6527637
113,113,diyas hospital,"[85.3045908, 27.6527637]",{},{},85.2530497,27.6869366
114,114,bageshwori hospital,"[85.2530497, 27.6869366]",{},{},85.278868,27.7770639
115,115,jitpurfedi swasthya upachowki,"[85.278868, 27.7770639]",{},{},85.3619856,27.6743052
116,116,mid- city hospital,"[85.3619856, 27.6743052]",{},{},85.3827604,27.7501937
117,117,samudayik swasthya bhawan,"[85.3827604, 27.7501937]",{},{},85.3297051,27.6893444
118,118,nepal skin hospital,"[85.3297051, 27.6893444]",{},{},85.3355112,27.6889944
119,119,raj joshi polyclinic,"[85.3355112, 27.6889944]",{},{},85.3388029,27.6907338
120,120,sahara health care,"[85.3388029, 27.6907338]",{},{},85.3286431,27.6898957
121,121,centre for liver disease,"[85.3286431, 27.6898957]",{},{},85.3282239,27.7101557
122,122,himal hospital,"[85.3282239, 27.7101557]",{},{},85.4530511,27.7239052
123,123,susma koirala memorial hospital,"[85.4530511, 27.7239052]",{},{},85.3647012,27.6742601
124,124,samudayik dental hospital,"[85.3647012, 27.6742601]",{},{},85.3110764,27.6943005
125,125,kathmandu hospital,"[85.3110764, 27.6943005]",{},{},85.341898,27.637224
126,126,harisiddhi community hospital,"[85.341898, 27.637224]",{},{},85.3811828,27.7201693
127,127,nepal orthopaedic hospital,"[85.3811828, 27.7201693]",{},{},85.2971847,27.6992977
128,128,chest hospital,"[85.2971847, 27.6992977]",{},{},85.2974607,27.6985744
129,129,shree jyoti hospital and research center,"[85.2974607, 27.6985744]",{},{},85.2948164,27.6976587
130,130,spark health homes hospital,"[85.2948164, 27.6976587]",{},{},85.250524,27.688906
131,131,neelam hospital,"[85.250524, 27.688906]",{},{},85.2220344,27.6907748
132,132,nirog hospital,"[85.2220344, 27.6907748]",{},{},85.2957895,27.7245541
133,133,national kidney center,"[85.2957895, 27.7245541]",{},{},85.3147335,27.6733788
134,134,national hospital and cancer research center,"[85.3147335, 27.6733788]",{},{},85.3526344,27.6765211
135,135,hamro sahayatri hosp and birthing center,"[85.3526344, 27.6765211]",{},{},85.3464427,27.718373
136,136,medicare national hospital and research center,"[85.3464427, 27.718373]",{},{},85.3090229,27.737287
137,137,aadarsha dental hosptial,"[85.3090229, 27.737287]",{},{},85.31471,27.735333
138,138,mero dental hospital,"[85.31471, 27.735333]",{},{},85.3023505,27.7368078
139,139,nepal jana swasthya kendra,"[85.3023505, 27.7368078]",{},{},85.33762,27.6971889
140,140,venus international hospital,"[85.33762, 27.6971889]",{},{},85.3359243,27.6862822
141,141,ayush hospital,"[85.3359243, 27.6862822]",{},{},85.2995533,27.6590518
142,142,human development community service(hdcs),"[85.2995533, 27.6590518]",{},{},85.3482624,27.6982039
143,143,nobel hospital,"[85.3482624, 27.6982039]",{},{},85.3535422,27.6960875
144,144,kathmandu medical college teaching hospital,"[85.3535422, 27.6960875]",{},{},85.3780435,27.7215155
145,145,shankarapur hospital,"[85.3780435, 27.7215155]",{},{},85.3294303,27.6648945
146,146,b & b hospital,"[85.3294303, 27.6648945]",{},{},85.3330204,27.667072
147,147,global hospital,"[85.3330204, 27.667072]",{},{},85.3535949,27.6707029
148,148,bp children eye ear hospital,"[85.3535949, 27.6707029]",{},{},84.6276426,27.9951581
149,149,lion eye hospital,"[84.6276426, 27.9951581]",{},{},85.3431586,27.6869544
150,150,lion'sclub eye care center,"[85.3431586, 27.6869544]",{},{},85.3509031,27.7045981
151,151,shanti sewa griha,"[85.3509031, 27.7045981]",{},{},81.6175485,28.6006786
152,152,kathkuwa municipal health clinic,"[81.6175485, 28.6006786]",{},{},81.6171326,28.6014294
153,153,shining hospital inf surkhet,"[81.6171326, 28.6014294]",{},{},85.3259511,27.7288965
154,154,national dental hosptial,"[85.3259511, 27.7288965]",{},{},85.306619,27.7244467
155,155,people's dental college & hospital,"[85.306619, 27.7244467]",{},{},85.3260925,27.7153874
156,156,metro radiology and imaging,"[85.3260925, 27.7153874]",{},{},85.5477276,27.6162511
157,157,pediatrics and gyn/obs,"[85.5477276, 27.6162511]",{},{},85.3802711,27.7338088
158,158,college of dental science and hospital,"[85.3802711, 27.7338088]",{},{},84.4323063,27.6839862
159,159,life care hospital,"[84.4323063, 27.6839862]",{},{},85.3218605,27.7027567
160,160,capital hospital,"[85.3218605, 27.7027567]",{},{},85.4221653,27.673148
161,161,bhaktapur cancer hospital,"[85.4221653, 27.673148]",{},{},84.4165421,27.6648738
162,162,b.p. koirala memorial cancer hospital,"[84.4165421, 27.6648738]",{},{},83.566355,28.350628
163,163,myagdi hospital,"[83.566355, 28.350628]",{},{},83.98165,28.2068121
164,164,fewa city hospital,"[83.98165, 28.2068121]",{},{},83.9875085,28.2110155
165,165,gandaki medical college and teaching hospital,"[83.9875085, 28.2110155]",{},{},85.3456875,27.7115626
166,166,nepal bharat maitri hospital,"[85.3456875, 27.7115626]",{},{},85.2732357,27.6817453
167,167,kirtipur burn hospital,"[85.2732357, 27.6817453]",{},{},85.3154498,27.6353477
168,168,nutrition rehabilitation home (nrh),"[85.3154498, 27.6353477]",{},{},86.7320851,27.6848752
169,169,lukla hospital,"[86.7320851, 27.6848752]",{},{},87.2851487,26.4595842
170,170,koshi zonal hospital,"[87.2851487, 26.4595842]",{},{},85.9239784,26.7337485
171,171,janakpur zonal hospital,"[85.9239784, 26.7337485]",{},{},86.7498634,26.5363757
172,172,sagarmatha zonal hospital,"[86.7498634, 26.5363757]",{},{},85.3117448,27.6735759
173,173,aragyoga hospital,"[85.3117448, 27.6735759]",{},{},87.9905366,26.620664
174,174,mechi eye hospital,"[87.9905366, 26.620664]",{},{},85.1409464,27.9246361
175,175,trishuli hospital,"[85.1409464, 27.9246361]",{},{},83.8739631,28.105063
176,176,district hospital syangja,"[83.8739631, 28.105063]",{},{},81.619702,28.0528338
177,177,bheri zonal hospital,"[81.619702, 28.0528338]",{},{},81.258083,29.1348224
178,178,achham district hospital,"[81.258083, 29.1348224]",{},{},81.1933444,29.5479771
179,179,bajhang district hospital,"[81.1933444, 29.5479771]",{},{},80.5869373,29.2991613
180,180,dadeldhura district hospital,"[80.5869373, 29.2991613]",{},{},80.1853818,28.9637795
181,181,mahakali zonal hosptial,"[80.1853818, 28.9637795]",{},{},84.2653807,27.9721446
182,182,tanahu district hospital,"[84.2653807, 27.9721446]",{},{},83.9980232,28.2127047
183,183,western regional hospital,"[83.9980232, 28.2127047]",{},{},83.4643582,27.6977919
184,184,lumbini zonal hospital,"[83.4643582, 27.6977919]",{},{},88.0882237,26.5573939
185,185,ost,"[88.0882237, 26.5573939]",{},{},85.0280268,27.4326857
186,186,hetauda hospital,"[85.0280268, 27.4326857]",{},{},87.2844721,26.4532667
187,187,neuro hospital,"[87.2844721, 26.4532667]",{},{},85.2880095,27.6767161
188,188,national ayurvedic research and training center,"[85.2880095, 27.6767161]",{},{},84.42873,27.6882182
189,189,bharatpur eye hospital,"[84.42873, 27.6882182]",{},{},83.2465752,28.0655734
190,190,resunga hospital,"[83.2465752, 28.0655734]",{},{},84.0833937,27.9797681
191,191,bhimad poly clinic,"[84.0833937, 27.9797681]",{},{},83.986554,28.2196269
192,192,padhma nursing homes,"[83.986554, 28.2196269]",{},{},84.3805896,28.2292986
193,193,lamjung community hospital,"[84.3805896, 28.2292986]",{},{},81.6160057,28.0521943
194,194,nepalgunj eye hospital,"[81.6160057, 28.0521943]",{},{},85.3896974,27.6903536
195,195,shree matri shishu swasthya kendra,"[85.3896974, 27.6903536]",{},{},86.2555315,26.8354158
196,196,mirchaiya hospital,"[86.2555315, 26.8354158]",{},{},83.9774077,28.1904272
197,197,himalaya eye hospital,"[83.9774077, 28.1904272]",{},{},86.5858431,27.515324
198,198,phaplu hospital,"[86.5858431, 27.515324]",{},{},85.3072061,27.923072
199,199,kharanitar health post,"[85.3072061, 27.923072]",{},{},85.1181988,27.6433927
200,200,bajrabarahi healthpost,"[85.1181988, 27.6433927]",{},{},85.1179897,27.6432256
201,201,bajarabarahi health post,"[85.1179897, 27.6432256]",{},{},85.1182182,27.6433196
202,202,birthing center,"[85.1182182, 27.6433196]",{},{},85.1367128,27.652866
203,203,army hospital,"[85.1367128, 27.652866]",{},{},85.1365158,27.6528319
204,204,army health post,"[85.1365158, 27.6528319]",{},{},86.712357,27.7500707
205,205,himalaya sherpa hospital,"[86.712357, 27.7500707]",{},{},85.313362,27.7037236
206,206,shree tribhuwan chandra sainik hospital,"[85.313362, 27.7037236]",{},{},84.4293315,27.6853253
207,207,niko children's hospital & research center (p) ltd,"[84.4293315, 27.6853253]",{},{},84.4292117,27.6854796
208,208,mary healthcare center cum dental home & research center,"[84.4292117, 27.6854796]",{},{},84.4286538,27.6856216
209,209,alive hospital & trauma center,"[84.4286538, 27.6856216]",{},{},84.4283061,27.6859534
210,210,sahara hospital & physiotherapy rehabilitation center,"[84.4283061, 27.6859534]",{},{},84.7199153,28.0308757
211,211,baguwa sub- health post,"[84.7199153, 28.0308757]",{},{},82.1474047,29.498091
212,212,hospital,"[82.1474047, 29.498091]",{},{},87.2323369,27.1561937
213,213,jarayotar helthpost,"[87.2323369, 27.1561937]",{},{},84.3508018,28.1711346
214,214,चंद्रेश्वर हस्पिटल,"[84.3508018, 28.1711346]",{},{},84.9747101,27.1643419
215,215,simara hospital,"[84.9747101, 27.1643419]",{},{},84.4323819,27.6883931
216,216,oasis medical college and teachinh\g hospital,"[84.4323819, 27.6883931]",{},{},84.8076286,27.5402433
217,217,manahari hospital,"[84.8076286, 27.5402433]",{},{},84.112602,27.5724074
218,218,community health post,"[84.112602, 27.5724074]",{},{},84.5114669,27.6837128
219,219,jivan medical hall,"[84.5114669, 27.6837128]",{},{},83.5442041,27.8441162
220,220,lumbini medical college,"[83.5442041, 27.8441162]",{},{},84.4098406,27.9630638
221,221,laksmi hospital at dumre,"[84.4098406, 27.9630638]",{},{},85.3394598,27.6119554
222,222,jharuwarasi healthpost,"[85.3394598, 27.6119554]",{},{},85.8983263,27.7899627
223,223,keystone hospital & research centre,"[85.8983263, 27.7899627]",{},{},85.0983973,27.7256172
224,224,thakre vdc health post,"[85.0983973, 27.7256172]",{},{},85.527116,27.6336888
225,225,cancer hospital,"[85.527116, 27.6336888]",{},{},85.359909,27.6893456
226,226,motherland hospital,"[85.359909, 27.6893456]",{},{},85.4860799,27.9277313
227,227,kutumsang health centre,"[85.4860799, 27.9277313]",{},{},85.5237221,27.6295774
228,228,kp hospital,"[85.5237221, 27.6295774]",{},{},87.2846149,26.8171688
229,229,old hospital,"[87.2846149, 26.8171688]",{},{},85.3226816,27.7052864
230,230,valley maternity nursing home,"[85.3226816, 27.7052864]",{},{},85.5829949,27.6662409
231,231,rescue camp,"[85.5829949, 27.6662409]",{},{},85.5743937,27.6789549
232,232,rescue tent,"[85.5743937, 27.6789549]",{},{},85.8966317,27.7828874
233,233,barhabise (ramche) phc,"[85.8966317, 27.7828874]",{},{},85.3024474,27.675349
234,234,mega hospital,"[85.3024474, 27.675349]",{},{},84.5348773,27.6354821
235,235,gunjaman singh hospital,"[84.5348773, 27.6354821]",{},{},85.518519,27.6328142
236,236,banepa hospital,"[85.518519, 27.6328142]",{},{},83.370161,27.8763726
237,237,chhahara health post,"[83.370161, 27.8763726]",{},{},84.1977079,27.6710856
238,238,nawalpur hospita,"[84.1977079, 27.6710856]",{},{},86.3019968,27.4637203
239,239,khiji chandeshwori healthpost,"[86.3019968, 27.4637203]",{},{},84.0829168,27.5763305
240,240,kumarworti upa swasthya chauki,"[84.0829168, 27.5763305]",{},{},83.6009153,28.2682327
241,241,dhaulagiri zonal hospital,"[83.6009153, 28.2682327]",{},{},83.6289875,28.2586363
242,242,helthpost,"[83.6289875, 28.2586363]",{},{},85.0792469,27.4419931
243,243,public health post,"[85.0792469, 27.4419931]",{},{},87.0600951,26.8174711
244,244,"health post, rampur","[87.0600951, 26.8174711]",{},{},86.6958283,26.797077
245,245,"distrist health office, udayapur","[86.6958283, 26.797077]",{},{},83.9590041,28.2092717
246,246,ciwec hospital,"[83.9590041, 28.2092717]",{},{},82.2974278,28.1360179
247,247,provincial hospital(province no.5),"[82.2974278, 28.1360179]",{},{},85.3180086,27.7363537
248,248,greenland chowk,"[85.3180086, 27.7363537]",{},{},85.3522708,27.7336107
249,249,kapan hospital,"[85.3522708, 27.7336107]",{},{},81.6189019,28.059942
250,250,nepalgunj united hospital,"[81.6189019, 28.059942]",{},{},83.5882462,27.9735225
251,251,shreekrishnagandaki hospital,"[83.5882462, 27.9735225]",{},{},85.3388989,27.6434652
252,252,nepal cancer hospital,"[85.3388989, 27.6434652]",{},{},86.087084,27.3157801
253,253,district hospital,"[86.087084, 27.3157801]",{},{},83.9837423,28.2208174
254,254,lake city hospital and critical care,"[83.9837423, 28.2208174]",{},{},83.9847582,28.2129386
255,255,sparsh aayurveda hospital,"[83.9847582, 28.2129386]",{},{},83.9753478,28.2141857
256,256,regional hospital,"[83.9753478, 28.2141857]",{},{},80.5902514,29.2967549
257,257,chiranjeevi hospital,"[80.5902514, 29.2967549]",{},{},83.9931328,28.2051737
258,258,family homiopathy hospital,"[83.9931328, 28.2051737]",{},{},84.0007934,28.2132105
259,259,kaski sewa hospital and research center,"[84.0007934, 28.2132105]",{},{},87.548603,26.4529245
260,260,dainiya health post,"[87.548603, 26.4529245]",{},{},83.9861013,28.2107833
261,261,charak memorial hospital,"[83.9861013, 28.2107833]",{},{},84.0234626,28.1923338
262,262,chauthe hospital and research centre,"[84.0234626, 28.1923338]",{},{},83.679034,28.2204975
263,263,sahara hospital,"[83.679034, 28.2204975]",{},{},83.8565981,28.2825969
264,264,naudanda health post,"[83.8565981, 28.2825969]",{},{},83.9816202,28.2118599
265,265,metro city hospital,"[83.9816202, 28.2118599]",{},{},87.2712073,26.4224836
266,266,biratnagar eye hospital,"[87.2712073, 26.4224836]",{},{},83.9826805,28.2384377
267,267,ab care and rehabilitation center,"[83.9826805, 28.2384377]",{},{},84.0033192,28.2157216
268,268,bg hospital and research center,"[84.0033192, 28.2157216]",{},{},83.9849394,28.2134414
269,269,kantipur institute of health science,"[83.9849394, 28.2134414]",{},{},83.9979096,28.2190422
270,270,sai archana hospital,"[83.9979096, 28.2190422]",{},{},83.9934581,28.2059191
271,271,aaragyodham homiopathy hospital,"[83.9934581, 28.2059191]",{},{},83.9882843,28.2088669
272,272,pashchimanchal community hospital,"[83.9882843, 28.2088669]",{},{},84.0013636,28.2044299
273,273,parkland hospital,"[84.0013636, 28.2044299]",{},{},86.884552,26.5485467
274,274,"bharadha hospital, bharadaha","[86.884552, 26.5485467]",{},{},85.5277286,27.6330056
275,275,scheer memorial hospital area,"[85.5277286, 27.6330056]",{},{},83.9899346,28.2228004
276,276,om hospital dignostic and research centre,"[83.9899346, 28.2228004]",{},{},84.423163,27.6991788
277,277,nepal red cross society,"[84.423163, 27.6991788]",{},{},82.4520794,28.630123
278,278,nepal red cross,"[82.4520794, 28.630123]",{},{},87.9991112,26.6860813
279,279,shanischare governmental hospital,"[87.9991112, 26.6860813]",{},{},85.3246923,27.6909765
280,280,city hospital,"[85.3246923, 27.6909765]",{},{},82.4525949,28.6382116
281,281,rapti samaj hospital sally,"[82.4525949, 28.6382116]",{},{},81.1207728,28.5345236
282,282,tikapur hospital,"[81.1207728, 28.5345236]",{},{},83.9342565,28.2776547
283,283,hemja hospital and research center,"[83.9342565, 28.2776547]",{},{},83.9819347,28.2580723
284,284,maternity child friendship hospital,"[83.9819347, 28.2580723]",{},{},84.0797388,28.1653723
285,285,lekhnath community lions hospital,"[84.0797388, 28.1653723]",{},{},83.9884392,28.1920881
286,286,green pastures,"[83.9884392, 28.1920881]",{},{},83.9867206,28.2213854
287,287,kaski model hospital,"[83.9867206, 28.2213854]",{},{},83.9923053,28.2070241
288,288,pokhara hospital and research centre,"[83.9923053, 28.2070241]",{},{},83.9833593,28.211947
289,289,spark b and d hospital,"[83.9833593, 28.211947]",{},{},83.9720483,28.1932171
290,290,namaste hospital and research center,"[83.9720483, 28.1932171]",{},{},84.0364953,28.1841948
291,291,lekhnath city hospital,"[84.0364953, 28.1841948]",{},{},85.3157261,27.679091
292,292,nidan hospital,"[85.3157261, 27.679091]",{},{},85.4659796,27.669452
293,293,kathmandu cancer center,"[85.4659796, 27.669452]",{},{},87.2715295,26.6588118
294,294,itahari aankha upachar kendra,"[87.2715295, 26.6588118]",{},{},87.2841274,26.6664125
295,295,clinic,"[87.2841274, 26.6664125]",{},{},86.49966,27.3311041
296,296,okhaldhunga community hospital,"[86.49966, 27.3311041]",{},{},80.5762097,28.707227
297,297,navajeevan hospital,"[80.5762097, 28.707227]",{},{},83.8844529,27.8681458
298,298,kaliaanp hospital,"[83.8844529, 27.8681458]",{},{},85.3102745,27.6691779
299,299,ikeba dental clinic,"[85.3102745, 27.6691779]",{},{},87.6743117,27.3592951
300,300,taplejung hospital,"[87.6743117, 27.3592951]",{},{},85.3188484,27.6201623
301,301,thecho health post,"[85.3188484, 27.6201623]",{},{},85.3154277,27.5766875
302,302,anandaban hospital,"[85.3154277, 27.5766875]",{},{},85.2821685,27.6947253
303,303,nepal national hospital,"[85.2821685, 27.6947253]",{},{},81.0545727,28.4346995
304,304,dhansingpur swasthya chauki,"[81.0545727, 28.4346995]",{},{},85.3390786,27.7076929
305,305,national center for rheumatic diseases,"[85.3390786, 27.7076929]",{},{},85.3338317,27.7413832
306,306,chirayu hospital,"[85.3338317, 27.7413832]",{},{},85.3332766,27.7368055
307,307,the skin hospital,"[85.3332766, 27.7368055]",{},{},85.3371908,27.7395044
308,308,metro ktm hospital,"[85.3371908, 27.7395044]",{},{},85.3101492,27.7082831
309,309,raj dental hospital,"[85.3101492, 27.7082831]",{},{},85.3412383,27.6747176
310,310,gautam buddha international cardiac hospital,"[85.3412383, 27.6747176]",{},{},85.3119855,27.7350711
311,311,vinayak hospital & maternit ward,"[85.3119855, 27.7350711]",{},{},84.807784,27.541439
312,312,eye hospital,"[84.807784, 27.541439]",{},{},85.0698215,27.6360202
313,313,palung health post,"[85.0698215, 27.6360202]",{},{},80.5691767,28.7155808
314,314,c.p hospital pvt. ltd,"[80.5691767, 28.7155808]",{},{},80.5686685,28.7164774
315,315,dhangadhi netralaye pvt,"[80.5686685, 28.7164774]",{},{},81.6706357,29.5044734
316,316,bajura district hospital,"[81.6706357, 29.5044734]",{},{},85.1684401,27.6489341
317,317,chitlang sub health post,"[85.1684401, 27.6489341]",{},{},87.6742735,27.3592615
318,318,जिल्ला अस्पताल ताप्लेजुङ,"[87.6742735, 27.3592615]",{},{},80.940848,29.2626349
319,319,birendra police hospital,"[80.940848, 29.2626349]",{},{},80.9385483,29.2414114
320,320,sujung hospital,"[80.9385483, 29.2414114]",{},{},87.2788948,26.5233848
321,321,birat medical and teaching hospital,"[87.2788948, 26.5233848]",{},{},87.2790577,26.4527782
322,322,morang cooperative hospital,"[87.2790577, 26.4527782]",{},{},80.5969727,28.6948926
323,323,seti ayurbedic hospital,"[80.5969727, 28.6948926]",{},{},80.584525,28.7047394
324,324,jilla pashusewa karyalaya dhangadhi,"[80.584525, 28.7047394]",{},{},80.6050968,28.698558
325,325,nawa buddha,"[80.6050968, 28.698558]",{},{},80.6934958,28.6326585
326,326,tripura,"[80.6934958, 28.6326585]",{},{},84.8946019,27.910462
327,327,dhading hospital,"[84.8946019, 27.910462]",{},{},84.8944551,27.9113829
328,328,district eye hospital,"[84.8944551, 27.9113829]",{},{},86.2042601,26.6541504
329,329,district aayurvedic hospital,"[86.2042601, 26.6541504]",{},{},86.2112345,26.6581803
330,330,siraha district hospital,"[86.2112345, 26.6581803]",{},{},86.211086,26.6579104
331,331,public health department,"[86.211086, 26.6579104]",{},{},86.2108416,26.6583607
332,332,emergency ward,"[86.2108416, 26.6583607]",{},{},80.5509938,29.6212874
333,333,rim health post,"[80.5509938, 29.6212874]",{},{},87.652195,27.2192395
334,334,primary health center,"[87.652195, 27.2192395]",{},{},85.3027687,27.6624975
335,335,nepal mediciti hospital,"[85.3027687, 27.6624975]",{},{},81.8800462,29.8511899
336,336,thali health post,"[81.8800462, 29.8511899]",{},{},85.9138758,27.2122919
337,337,sindhuli district hospital,"[85.9138758, 27.2122919]",{},{},81.5688911,28.0444968
338,338,"health post, janaki","[81.5688911, 28.0444968]",{},{},81.6196217,28.0581054
339,339,vaishnavi hospital pvt. ltd.,"[81.6196217, 28.0581054]",{},{},81.6176838,30.0081023
340,340,chala samudayik swastye ekai,"[81.6176838, 30.0081023]",{},{},80.5856507,29.2955944
341,341,"geta eye hospital, dadeldhura","[80.5856507, 29.2955944]",{},{},81.6815084,28.1980767
342,342,kohalpur dental hospital,"[81.6815084, 28.1980767]",{},{},83.4520687,27.5181051
343,343,siddharthanagar city hospital pvt. ltd.,"[83.4520687, 27.5181051]",{},{},84.8793615,27.8052449
344,344,gajuri hospital,"[84.8793615, 27.8052449]",{},{},87.2784192,26.6626257
345,345,adhikari medical hall,"[87.2784192, 26.6626257]",{},{},82.4803963,28.0421123
346,346,gurkha hospital,"[82.4803963, 28.0421123]",{},{},87.2784855,26.6626294
347,347,adhikari medical hall itaahri,"[87.2784855, 26.6626294]",{},{},83.7764529,27.4976747
348,348,poudel medical hall,"[83.7764529, 27.4976747]",{},{},82.2706327,28.0115554
349,349,fulbari healthpost,"[82.2706327, 28.0115554]",{},{},82.4918219,28.0338288
350,350,dipjyoti hospital,"[82.4918219, 28.0338288]",{},{},82.4912391,28.0368985
351,351,rapti acadenmey of health sciences,"[82.4912391, 28.0368985]",{},{},82.487611,28.046162
352,352,ghorahi hospital,"[82.487611, 28.046162]",{},{},85.0880862,28.5170879
353,353,birthing center & outreach clinic,"[85.0880862, 28.5170879]",{},{},82.914171,29.1437434
354,354,amchi hospital,"[82.914171, 29.1437434]",{},{},83.7709675,28.2511493
355,355,chitre health post,"[83.7709675, 28.2511493]",{},{},83.8483279,28.8193003
356,356,jharkot traditional medical clinic,"[83.8483279, 28.8193003]",{},{},85.6270765,27.0544838
357,357,community hospital,"[85.6270765, 27.0544838]",{},{},86.0273309,27.5854967
358,358,sailungeswori  health post,"[86.0273309, 27.5854967]",{},{},85.3462532,27.7333656
359,359,hams hospital,"[85.3462532, 27.7333656]",{},{},84.3770911,27.6774038
360,360,shivaghat ayurved hospital,"[84.3770911, 27.6774038]",{},{},82.1572263,29.5517407
361,361,"hospital area, thini","[82.1572263, 29.5517407]",{},{},81.4137726,29.0569706
362,362,kalikasthan hospital,"[81.4137726, 29.0569706]",{},{},85.5273908,27.6331725
363,363,shree memorial hospital,"[85.5273908, 27.6331725]",{},{},85.3204193,27.6684414
364,364,patan hospital,"[85.3204193, 27.6684414]",{},{},80.9761548,28.4761393
365,365,"anamika clinic, bhajani","[80.9761548, 28.4761393]",{},{},80.9959246,28.4549296
366,366,"gaughar clinic, bhajani","[80.9959246, 28.4549296]",{},{},80.993534,28.5061701
367,367,"krishna clinic, kada bazar","[80.993534, 28.5061701]",{},{},80.9936355,28.5073415
368,368,"adarsha health clinic, kada","[80.9936355, 28.5073415]",{},{},85.9525858,26.8153277
369,369,janaki medical college,"[85.9525858, 26.8153277]",{},{},81.7047356,30.0493906
370,370,aadharbhut swyastha sewa kendra,"[81.7047356, 30.0493906]",{},{},85.9172789,27.2262512
371,371,modern apolo hospital,"[85.9172789, 27.2262512]",{},{},87.3528182,27.259263
372,372,madi healthpost,"[87.3528182, 27.259263]",{},{},80.8194282,29.5220035
373,373,deulekh p.h.c,"[80.8194282, 29.5220035]",{},{},81.3293403,29.3678588
374,374,bajura health post,"[81.3293403, 29.3678588]",{},{},80.8193072,29.5218366
375,375,deulekh hospital,"[80.8193072, 29.5218366]",{},{},82.8537165,28.1038797
376,376,pyuthan hospital,"[82.8537165, 28.1038797]",{},{},84.0850774,28.1468568
377,377,jhumpak,"[84.0850774, 28.1468568]",{},{},81.66819,29.2511778
378,378,hp,"[81.66819, 29.2511778]",{},{},81.6077968,29.242285
379,379,hb,"[81.6077968, 29.242285]",{},{},81.7543366,28.4867462
380,380,helicopterplatform,"[81.7543366, 28.4867462]",{},{},85.3028341,27.6816645
381,381,star hospital,"[85.3028341, 27.6816645]",{},{},85.3021077,27.6850364
382,382,sanepa health post,"[85.3021077, 27.6850364]",{},{},85.3112441,27.7179394
383,383,manmohan memorial hospital,"[85.3112441, 27.7179394]",{},{},85.3184116,27.7087386
384,384,heritage plaza,"[85.3184116, 27.7087386]",{},{},83.6993752,28.3999274
385,385,gorepani comunal healt social reform group,"[83.6993752, 28.3999274]",{},{},85.3358806,27.6734246
386,386,red cross,"[85.3358806, 27.6734246]",{},{},81.6010958,28.60641
387,387,mid western regional hospital,"[81.6010958, 28.60641]",{},{},80.5876112,28.7035346
388,388,"seti zonal hospital, dhangadhi","[80.5876112, 28.7035346]",{},{},85.2913585,27.7113489
389,389,military hospital,"[85.2913585, 27.7113489]",{},{},83.7732919,28.0379368
390,390,health post/birth clinic,"[83.7732919, 28.0379368]",{},{},83.7496382,28.0475418
391,391,sub healthpost,"[83.7496382, 28.0475418]",{},{},84.5296803,28.0692468
392,392,amppipal,"[84.5296803, 28.0692468]",{},{},85.2954603,27.7110872
393,393,swayambhu community health clinic,"[85.2954603, 27.7110872]",{},{},85.5237477,27.6296267
394,394,krishna prasad hospital,"[85.5237477, 27.6296267]",{},{},85.5242964,27.6283867
395,395,kavre health clinic,"[85.5242964, 27.6283867]",{},{},85.3443527,27.7324263
396,396,dhanwantari aryuved hospital and research centre,"[85.3443527, 27.7324263]",{},{},85.3305038,27.7177784
397,397,aarogya aasharam,"[85.3305038, 27.7177784]",{},{},84.4363371,27.6821809
398,398,bharatpur district hospital,"[84.4363371, 27.6821809]",{},{},84.4235261,27.6991445
399,399,mary stopes,"[84.4235261, 27.6991445]",{},{},84.4384875,27.6757452
400,400,district veterinary hospital,"[84.4384875, 27.6757452]",{},{},84.4387436,27.6709797
401,401,bharatpur family planning hospital,"[84.4387436, 27.6709797]",{},{},84.4360734,27.6837229
402,402,college of medical sciences teaching hospital,"[84.4360734, 27.6837229]",{},{},84.4391849,27.6847521
403,403,mahendra memorial eye hospital,"[84.4391849, 27.6847521]",{},{},85.3443015,27.6812511
404,404,save the life community polyclinic and research center,"[85.3443015, 27.6812511]",{},{},85.315271,27.6717643
405,405,dirghayu health care pvt ltd,"[85.315271, 27.6717643]",{},{},85.3167825,27.6730443
406,406,himalayan healthcare inc.,"[85.3167825, 27.6730443]",{},{},84.4307286,27.6853544
407,407,chitwan medical college teaching hospital,"[84.4307286, 27.6853544]",{},{},85.3397378,27.7240901
408,408,durga bhawani polyclinic,"[85.3397378, 27.7240901]",{},{},84.4324497,27.6816756
409,409,narayani samydayik hospital,"[84.4324497, 27.6816756]",{},{},84.4096154,27.6902999
410,410,balkumari maternity hospital,"[84.4096154, 27.6902999]",{},{},85.3178811,27.7202714
411,411,ciwec clinic travel medicine center,"[85.3178811, 27.7202714]",{},{},85.3301395,27.6922425
412,412,chirayu national hospital & medical institute,"[85.3301395, 27.6922425]",{},{},85.3299048,27.6923541
413,413,amvi dental clinic,"[85.3299048, 27.6923541]",{},{},85.32902,27.6903846
414,414,infertility center,"[85.32902, 27.6903846]",{},{},85.3910696,27.6325313
415,415,lamatar health post,"[85.3910696, 27.6325313]",{},{},85.3230411,27.7378197
416,416,subba medical centre pvt ltd,"[85.3230411, 27.7378197]",{},{},85.8279742,27.7536704
417,417,sindhu sadhabahar hospital,"[85.8279742, 27.7536704]",{},{},85.3092366,27.713065
418,418,kunphen tibetian medicine,"[85.3092366, 27.713065]",{},{},85.2824017,27.7024512
419,419,yeti hospital,"[85.2824017, 27.7024512]",{},{},85.3061261,27.7176682
420,420,maha guthi poly clinic,"[85.3061261, 27.7176682]",{},{},85.0669243,27.7498415
421,421,mahadev basi helth post,"[85.0669243, 27.7498415]",{},{},85.5169801,27.5923956
422,422,panauti hospital,"[85.5169801, 27.5923956]",{},{},88.0715599,26.8927337
423,423,phikkal hospital,"[88.0715599, 26.8927337]",{},{},85.3013735,27.6851305
424,424,khushi family dental clinic,"[85.3013735, 27.6851305]",{},{},85.3054073,27.6656582
425,425, public hospital,"[85.3054073, 27.6656582]",{},{},85.3112844,27.6948215
426,426,nepal veterinary hospital,"[85.3112844, 27.6948215]",{},{},85.3152583,27.6937147
427,427,blue cross hospital,"[85.3152583, 27.6937147]",{},{},85.2867623,27.7066149
428,428,divya sanjivani hospital,"[85.2867623, 27.7066149]",{},{},85.3370557,27.6943238
429,429,bharosa hospital,"[85.3370557, 27.6943238]",{},{},85.3737393,27.6741981
430,430,s.s clinic,"[85.3737393, 27.6741981]",{},{},85.3242921,27.736695
431,431,kantipur dental hospital,"[85.3242921, 27.736695]",{},{},85.3116341,27.7010578
432,432,nepal diagnostic center pvt. ltd.,"[85.3116341, 27.7010578]",{},{},85.3116341,27.701029
433,433,sundhara dental hospital,"[85.3116341, 27.701029]",{},{},84.4140119,27.6810169
434,434,school of science,"[84.4140119, 27.6810169]",{},{},85.3464317,27.7179837
435,435,buddha dental hospital,"[85.3464317, 27.7179837]",{},{},84.0236087,28.6663006
436,436,doctor,"[84.0236087, 28.6663006]",{},{},85.304213,27.6980033
437,437,buddha minimal access international (mai) center,"[85.304213, 27.6980033]",{},{},83.5574686,27.8717349
438,438,united mission tansen hospital,"[83.5574686, 27.8717349]",{},{},80.5608601,29.0851166
439,439,new padma hospital,"[80.5608601, 29.0851166]",{},{},85.3235715,27.7310242
440,440,nepal police hospital,"[85.3235715, 27.7310242]",{},{},84.4302828,27.681559
441,441,chitwan hospital,"[84.4302828, 27.681559]",{},{},85.2833194,27.7165926
442,442,abc,"[85.2833194, 27.7165926]",{},{},87.319959,27.2954348
443,443,"primary health post, chainpur","[87.319959, 27.2954348]",{},{},85.3117739,27.6737417
444,444,mobile veterinary hospital,"[85.3117739, 27.6737417]",{},{},86.7434096,26.5382787
445,445,sachhi nursing home,"[86.7434096, 26.5382787]",{},{},86.7226564,26.5989884
446,446,unique collage of medecal science and hospital,"[86.7226564, 26.5989884]",{},{},83.24897,28.06868
447,447,eye hospital tamghas,"[83.24897, 28.06868]",{},{},83.03344,28.21695
448,448,mhp aaglung shp,"[83.03344, 28.21695]",{},{},83.164846,28.157663
449,449,mhp amarpur shp,"[83.164846, 28.157663]",{},{},83.17835,28.18547
450,450,mhp arjee shp,"[83.17835, 28.18547]",{},{},83.11939,28.21791
451,451,mhp arkhawang shp,"[83.11939, 28.21791]",{},{},83.068537,28.197827
452,452,mhp bajkateri shp,"[83.068537, 28.197827]",{},{},83.14954,28.11648
453,453,mhp dhurkot phc (phcc),"[83.14954, 28.11648]",{},{},83.2119,28.18323
454,454,mhp dohali shp,"[83.2119, 28.18323]",{},{},83.27248,28.04781
455,455,mhp dubichaur shp,"[83.27248, 28.04781]",{},{},83.1082,28.1017
456,456,mhp hadahade shp,"[83.1082, 28.1017]",{},{},83.23692,28.13327
457,457,mhp hastichaur shp,"[83.23692, 28.13327]",{},{},83.132,28.23264
458,458,mhp hawangdi hp,"[83.132, 28.23264]",{},{},83.19566,28.17623
459,459,mhp ismarajasthal hp,"[83.19566, 28.17623]",{},{},83.1841005,28.101818
460,460,mhp jaisithok shp,"[83.1841005, 28.101818]",{},{},83.037786,28.169185
461,461,mhp malagiri shp,"[83.037786, 28.169185]",{},{},83.12784,28.17655
462,462,mhp marbhung shp,"[83.12784, 28.17655]",{},{},83.0648,28.17043
463,463,mhp myalpokhari shp,"[83.0648, 28.17043]",{},{},83.18134,28.24374
464,464,mhp neta shp,"[83.18134, 28.24374]",{},{},83.22993,28.21747
465,465,mhp paudhi shp,"[83.22993, 28.21747]",{},{},83.13937,28.08575
466,466,mhp pipaldhara hp,"[83.13937, 28.08575]",{},{},83.07469,28.14339
467,467,mhp purkhot daha hp,"[83.07469, 28.14339]",{},{},83.09407,28.18656
468,468,mhp sirseni shp,"[83.09407, 28.18656]",{},{},83.2482724,28.0682616
469,469,gulmi district hospital,"[83.2482724, 28.0682616]",{},{},83.11575,28.15858
470,470,mhp wagla shp,"[83.11575, 28.15858]",{},{},83.0761906,28.2099002
471,471,madhane community health center,"[83.0761906, 28.2099002]",{},{},83.24644,28.06697
472,472,red cross society tamghas,"[83.24644, 28.06697]",{},{},83.87385,28.1050369
473,473,art center,"[83.87385, 28.1050369]",{},{},83.8739332,28.1051599
474,474,pmtct center,"[83.8739332, 28.1051599]",{},{},83.8738554,28.1052995
475,475,htc centre,"[83.8738554, 28.1052995]",{},{},83.8739064,28.1052569
476,476,sti center,"[83.8739064, 28.1052569]",{},{},87.7656798,27.1475793
477,477,panchthar hospital,"[87.7656798, 27.1475793]",{},{},87.2675932,26.8095561
478,478,bp koirala institute of health science,"[87.2675932, 26.8095561]",{},{},85.3084222,27.7049515
479,479,tarini health center,"[85.3084222, 27.7049515]",{},{},87.1208862,27.0216168
480,480,hatuwagadi gaupalika,"[87.1208862, 27.0216168]",{},{},86.0751625,27.6795693
481,481,gaurishankar general hospital,"[86.0751625, 27.6795693]",{},{},86.0756108,27.6794904
482,482,dolakha lions eye centre,"[86.0756108, 27.6794904]",{},{},84.6281275,27.9946583
483,483,gorkha district hospital,"[84.6281275, 27.9946583]",{},{},82.6158358,28.3223946
484,484,rolpa district hospital,"[82.6158358, 28.3223946]",{},{},81.7102382,28.8271958
485,485,dailekh district hospital,"[81.7102382, 28.8271958]",{},{},85.3164579,27.6873782
486,486,netradham eye care center,"[85.3164579, 27.6873782]",{},{},84.3157881,28.2457314
487,487,baglungpani health post,"[84.3157881, 28.2457314]",{},{},85.5284279,27.6292701
488,488,satya sai hospital,"[85.5284279, 27.6292701]",{},{},84.1326303,27.6756448
489,489,healthpost,"[84.1326303, 27.6756448]",{},{},81.6277995,28.0651409
490,490,a.r hospital,"[81.6277995, 28.0651409]",{},{},85.151373,27.6198509
491,491,markhu swastha chauki,"[85.151373, 27.6198509]",{},{},87.4493976,26.6525245
492,492,laxmimarga-dangihat hospital,"[87.4493976, 26.6525245]",{},{},86.1605955,27.736213
493,493,singati community hospital,"[86.1605955, 27.736213]",{},{},87.1508363,26.6005988
494,494,inaruwa hospital,"[87.1508363, 26.6005988]",{},{},88.0803749,26.5599901
495,495,om sai pathibhara hospital and research center,"[88.0803749, 26.5599901]",{},{},85.3052843,27.6696861
496,496,omkar clinic,"[85.3052843, 27.6696861]",{},{},84.4224991,27.6986884
497,497,abaya upchar kendra,"[84.4224991, 27.6986884]",{},{},84.4225384,27.6987231
498,498,avaya upchar kendra,"[84.4225384, 27.6987231]",{},{},84.4319285,27.6795631
499,499,chitwan valley model hospital,"[84.4319285, 27.6795631]",{},{},84.4296794,27.687011
500,500,anamol arayog kandra,"[84.4296794, 27.687011]",{},{},84.4325728,27.6810851
501,501,mankamana hospital,"[84.4325728, 27.6810851]",{},{},84.432257,27.6812589
502,502,om hospital,"[84.432257, 27.6812589]",{},{},84.4315012,27.6814028
503,503,shanti hospital,"[84.4315012, 27.6814028]",{},{},84.4307855,27.6782161
504,504,national eye hospital,"[84.4307855, 27.6782161]",{},{},84.4335294,27.6809433
505,505,bharatpur samudaik hospital,"[84.4335294, 27.6809433]",{},{},84.4315618,27.6780877
506,506,chitwan ankha hospital,"[84.4315618, 27.6780877]",{},{},84.4313574,27.681417
507,507,jay buddha hospital,"[84.4313574, 27.681417]",{},{},84.4294439,27.685502
508,508,niko childrens hospital,"[84.4294439, 27.685502]",{},{},84.4287179,27.6859846
509,509,alive hospital,"[84.4287179, 27.6859846]",{},{},84.4301751,27.6826383
510,510,puspanjali hospital,"[84.4301751, 27.6826383]",{},{},84.4333861,27.6809481
511,511,asha hospital,"[84.4333861, 27.6809481]",{},{},84.4318008,27.6813321
512,512,advance community hospital,"[84.4318008, 27.6813321]",{},{},84.4304008,27.6803636
513,513,maulakalika hospital,"[84.4304008, 27.6803636]",{},{},84.4332766,27.6803508
514,514,asha hospital pvt.ltd,"[84.4332766, 27.6803508]",{},{},84.4334678,27.6806469
515,515,bharatpur samaudayek hospital,"[84.4334678, 27.6806469]",{},{},84.4224062,27.6947719
516,516,hemal dental,"[84.4224062, 27.6947719]",{},{},84.422115,27.6962801
517,517,kantipur dental,"[84.422115, 27.6962801]",{},{},85.5087591,27.6832334
518,518,daefger,"[85.5087591, 27.6832334]",{},{},84.8334747,27.8111146
519,519,highway community hospital,"[84.8334747, 27.8111146]",{},{},84.4323865,27.6883737
520,520,oasis medical college,"[84.4323865, 27.6883737]",{},{},85.5176877,27.7609085
521,521,nanglebhare health post,"[85.5176877, 27.7609085]",{},{},85.2694403,27.7027224
522,522,syuchatar health post,"[85.2694403, 27.7027224]",{},{},85.266689,27.677218
523,523,bahirigaun health post,"[85.266689, 27.677218]",{},{},87.2870304,26.8253483
524,524,red cross society office,"[87.2870304, 26.8253483]",{},{},84.5067582,27.6839787
525,525,padampur health post,"[84.5067582, 27.6839787]",{},{},84.6023438,27.5881643
526,526,kathar healthpost,"[84.6023438, 27.5881643]",{},{},84.3996275,28.1414237
527,527,tarku primary health center,"[84.3996275, 28.1414237]",{},{},85.9728452,26.7535255
528,528,health post at katrait,"[85.9728452, 26.7535255]",{},{},85.7116343,27.7778553
529,529,field hospital,"[85.7116343, 27.7778553]",{},{},85.335113,27.6830459
530,530,deuti pharmacy,"[85.335113, 27.6830459]",{},{},85.9092499,27.7964923
531,531,bahrabise shp,"[85.9092499, 27.7964923]",{},{},88.0490912,26.7196758
532,532,budhabare health post,"[88.0490912, 26.7196758]",{},{},88.0505173,26.7213681
533,533,mahila samudhaik hospital,"[88.0505173, 26.7213681]",{},{},88.0492183,26.7190504
534,534,ayurbedic hospital,"[88.0492183, 26.7190504]",{},{},85.6161612,27.8685053
535,535,lagarche health post,"[85.6161612, 27.8685053]",{},{},87.9910051,26.6850027
536,536,medical house,"[87.9910051, 26.6850027]",{},{},81.2226321,29.2196253
537,537,bayalpata hospital,"[81.2226321, 29.2196253]",{},{},83.9339702,27.8996777
538,538,sankhar health post,"[83.9339702, 27.8996777]",{},{},81.6321363,28.0610351
539,539,"tb nepal, nepalgunj tuberculosis referal center","[81.6321363, 28.0610351]",{},{},85.3357116,27.6734721
540,540,"blood bank, bal kumari, patan","[85.3357116, 27.6734721]",{},{},85.3275905,27.7015906
541,541,kathmandu medical college,"[85.3275905, 27.7015906]",{},{},85.9237184,26.7423417
542,542,"summer hospital, belhi rajaul","[85.9237184, 26.7423417]",{},{},84.6216375,27.7921343
543,543,kaule dispensary,"[84.6216375, 27.7921343]",{},{},84.6748032,27.971878
544,544,bungkot hospital,"[84.6748032, 27.971878]",{},{},85.3149906,27.8471035
545,545,sunkhani health post,"[85.3149906, 27.8471035]",{},{},85.4220862,27.6720774
546,546,bhaktapur hospital emergency block,"[85.4220862, 27.6720774]",{},{},86.0494701,27.6713417
547,547,district health office,"[86.0494701, 27.6713417]",{},{},83.8097495,28.3755397
548,548,"childcare centre, ghandruk","[83.8097495, 28.3755397]",{},{},85.3196166,27.617975
549,549,family hospital,"[85.3196166, 27.617975]",{},{},85.359588,27.6732587
550,550,sanjiwani medical hall,"[85.359588, 27.6732587]",{},{},85.2980835,27.7245817
551,551,kasthamandap dental hospital,"[85.2980835, 27.7245817]",{},{},83.4541135,27.5058563
552,552,bhim,"[83.4541135, 27.5058563]",{},{},81.6172459,28.0595708
553,553,nepalgunj medical college ,"[81.6172459, 28.0595708]",{},{},87.9890032,26.6860982
554,554,sankhar hospital,"[87.9890032, 26.6860982]",{},{},80.5712685,28.7126829
555,555,city hospital grounds,"[80.5712685, 28.7126829]",{},{},85.4037681,27.6744263
556,556,sahara herchaha kendra,"[85.4037681, 27.6744263]",{},{},85.1457841,27.9015088
557,557,panchakanaya community hospital,"[85.1457841, 27.9015088]",{},{},85.3520244,27.6755499
558,558,sanjeevani health care center,"[85.3520244, 27.6755499]",{},{},82.5274391,27.8701479
559,559,sarkari hospital,"[82.5274391, 27.8701479]",{},{},85.9198093,26.7376329
560,560,"araddhya hospital pvt. ltd. ramanand chowk, janakpur, nepal.","[85.9198093, 26.7376329]",{},{},83.8058412,28.0615783
561,561,kalika community hospital,"[83.8058412, 28.0615783]",{},{},82.7297233,28.2462841
562,562,government hospital,"[82.7297233, 28.2462841]",{},{},84.0905131,27.6268892
563,563,madhyabindu samudayik hospital,"[84.0905131, 27.6268892]",{},{},84.1796081,27.667308
564,564,pradhan medical hall,"[84.1796081, 27.667308]",{},{},84.1792127,27.6665427
565,565,pandey pet clinic,"[84.1792127, 27.6665427]",{},{},83.0398035,27.6619264
566,566,namaste dental home,"[83.0398035, 27.6619264]",{},{},83.0403445,27.6619418
567,567,budhha polyclinic,"[83.0403445, 27.6619418]",{},{},84.1080758,27.6533235
568,568,manakamana hospital,"[84.1080758, 27.6533235]",{},{},84.1112624,27.6559663
569,569,government health post,"[84.1112624, 27.6559663]",{},{},87.685745,26.7177708
570,570,"health center, beldangi two(ii)","[87.685745, 26.7177708]",{},{},85.9351683,27.50935
571,571,doramba,"[85.9351683, 27.50935]",{},{},84.1107204,28.3296534
572,572,"nepal red cross society, nsmsrjung sub chapter","[84.1107204, 28.3296534]",{},{},82.5369278,27.8118991
573,573,puspa clinic,"[82.5369278, 27.8118991]",{},{},84.3713274,28.0705189
574,574,chandrawati medical,"[84.3713274, 28.0705189]",{},{},84.3726012,28.0712288
575,575,chandrawati vaccination center,"[84.3726012, 28.0712288]",{},{},87.2755094,26.4728365
576,576,lifeguard hospital,"[87.2755094, 26.4728365]",{},{},86.7117909,27.8041777
577,577,mountain medical institute,"[86.7117909, 27.8041777]",{},{},85.5353208,27.6307063
578,578,reyukai eye hospital,"[85.5353208, 27.6307063]",{},{},85.3622164,27.7204629
579,579,china hospital (p) ltd.,"[85.3622164, 27.7204629]",{},{},85.2411575,27.7850366
580,580,dhilikhel hospital branch,"[85.2411575, 27.7850366]",{},{},84.2689367,27.9768326
581,581,shree ratnahari memorial hospital,"[84.2689367, 27.9768326]",{},{},84.5290998,27.6728273
582,582,kholesimal hospital,"[84.5290998, 27.6728273]",{},{},84.5248813,27.6688653
583,583,jutpani healthpost,"[84.5248813, 27.6688653]",{},{},84.5188366,27.6225863
584,584,ratnanagar hospital,"[84.5188366, 27.6225863]",{},{},87.9980958,26.6448607
585,585,b&c hospital pvt. ltd.,"[87.9980958, 26.6448607]",{},{},85.8915039,26.9904482
586,586,subhaswastik hospital pvt ltd,"[85.8915039, 26.9904482]",{},{},87.696008,26.7083628
587,587,"dxn health care, damak 3","[87.696008, 26.7083628]",{},{},84.8849547,27.0125614
588,588,national care hospital,"[84.8849547, 27.0125614]",{},{},80.5532168,28.8116311
589,589,padma hospital,"[80.5532168, 28.8116311]",{},{},85.3217511,27.6773339
590,590,nidan hospital pvt. ltd.,"[85.3217511, 27.6773339]",{},{},87.6038438,26.6654297
591,591,mangalbare hospital,"[87.6038438, 26.6654297]",{},{},87.6994505,26.6604174
592,592,jhapa homeopathic medical centre pvt.ltd,"[87.6994505, 26.6604174]",{},{},85.252015,27.6903149
593,593,nepal a.p.f. hospital,"[85.252015, 27.6903149]",{},{},84.8738086,27.0074549
594,594,amc hospital,"[84.8738086, 27.0074549]",{},{},85.309812,27.6699428
595,595,alka hospital pvt. ltd.,"[85.309812, 27.6699428]",{},{},87.7005302,26.6606707
596,596,ahcc dmk,"[87.7005302, 26.6606707]",{},{},87.5346974,27.1290911
597,597,terhathum  district hospital,"[87.5346974, 27.1290911]",{},{},84.8716327,27.0038274
598,598,narayani sub-regional hospital birgunj,"[84.8716327, 27.0038274]",{},{},85.3090847,27.7190481
599,599,peoples dental college & hospital,"[85.3090847, 27.7190481]",{},{},85.33121,27.7288036
600,600,international organization for migration (iom),"[85.33121, 27.7288036]",{},{},88.157665,26.6489119
601,601,mechi netralaya eye hospital,"[88.157665, 26.6489119]",{},{},88.1580828,26.6498244
602,602,machi netralaya eye hospital,"[88.1580828, 26.6498244]",{},{},87.997455,26.6447115
603,603,b & c teaching hospital,"[87.997455, 26.6447115]",{},{},87.9973121,26.6443882
604,604,kankai hospital,"[87.9973121, 26.6443882]",{},{},84.4363375,27.6836432
605,605,opd block,"[84.4363375, 27.6836432]",{},{},84.1302238,27.6455468
606,606,nawalpur hospital & red cross bhawan,"[84.1302238, 27.6455468]",{},{},84.0922677,27.6294945
607,607,madhyabindu hospital,"[84.0922677, 27.6294945]",{},{},83.0443859,27.662508
608,608,kapilvastu snake bite treatment centre,"[83.0443859, 27.662508]",{},{},85.2913224,27.7048381
609,609,wcsd nepal telecom,"[85.2913224, 27.7048381]",{},{},87.2806931,26.8120481
610,610,vijaypur hospital,"[87.2806931, 26.8120481]",{},{},87.2862952,26.4584354
611,611,blood bank,"[87.2862952, 26.4584354]",{},{},87.2690219,26.8117292
612,612,"bpkihs, skin(dermatology) department","[87.2690219, 26.8117292]",{},{},83.4656596,27.6972598
613,613,tilottama hospital,"[83.4656596, 27.6972598]",{},{},84.2631739,28.1971624
614,614,"karapu health post, dadhuwa village","[84.2631739, 28.1971624]",{},{},81.6160869,28.0524688
615,615,tripura bal hospital,"[81.6160869, 28.0524688]",{},{},85.3364085,27.7042102
616,616,swacon international hospital pvt. ltd.,"[85.3364085, 27.7042102]",{},{},80.4670269,29.7546914
617,617,bhagawati health post,"[80.4670269, 29.7546914]",{},{},85.3485184,27.8401891
618,618,samundra devi health post,"[85.3485184, 27.8401891]",{},{},85.2916757,27.853087
619,619,thanapati health post,"[85.2916757, 27.853087]",{},{},85.3283959,27.6213032
620,620,self help group for cerebral palsy nepal,"[85.3283959, 27.6213032]",{},{},85.3432835,27.8502262
621,621,samundradevi health post,"[85.3432835, 27.8502262]",{},{},85.3510822,27.7356162
622,622,bike hospital,"[85.3510822, 27.7356162]",{},{},83.4486669,27.4891213
623,623,universal college of medical sciences,"[83.4486669, 27.4891213]",{},{},85.3335285,27.7445649
624,624,proposed ishan women and children hospital,"[85.3335285, 27.7445649]",{},{},85.3306265,27.7365875
625,625,pediatrics,"[85.3306265, 27.7365875]",{},{},84.3771218,28.2331462
626,626,lamjung model hospital,"[84.3771218, 28.2331462]",{},{},84.6241748,27.9975487
627,627,manaslu hospital,"[84.6241748, 27.9975487]",{},{},84.5371387,27.901411
628,628,shree chhimkeswori general hospital,"[84.5371387, 27.901411]",{},{},84.0660882,28.1659898
629,629,sishuwa hospital,"[84.0660882, 28.1659898]",{},{},85.3147438,27.711016
630,630,grande city hospital,"[85.3147438, 27.711016]",{},{},85.9307288,26.7156035
631,631,sanjivani hospital,"[85.9307288, 26.7156035]",{},{},85.336435,27.7042162
632,632,स्वाकन हस्पिटल धोबीखोला बत्तीसपुतली 8667,"[85.336435, 27.7042162]",{},{},85.1457805,27.9026442
633,633,bhagwati memorial hospital,"[85.1457805, 27.9026442]",{},{},80.6125758,28.7749141
634,634,khop ra gaunghar clinic,"[80.6125758, 28.7749141]",{},{},86.0318022,26.9098423
635,635,panchamukhi nagarik hospital pvt. ltd.,"[86.0318022, 26.9098423]",{},{},81.3393512,29.1522064
636,636,kalagaun health post,"[81.3393512, 29.1522064]",{},{},84.4737017,28.07998
637,637,sahodar health post,"[84.4737017, 28.07998]",{},{},84.463888,28.0967049
638,638,dhamilikuwa healthpost,"[84.463888, 28.0967049]",{},{},84.495413,28.0909945
639,639,ayurbrd,"[84.495413, 28.0909945]",{},{},83.4355881,27.9366809
640,640,ruru primary health center,"[83.4355881, 27.9366809]",{},{},87.2861583,26.4584484
641,641,nepal red cross society( blood bank),"[87.2861583, 26.4584484]",{},{},87.2843481,26.4582486
642,642,golden hospital,"[87.2843481, 26.4582486]",{},{},85.3528621,27.6764754
643,643,hamro sahagatri hospital,"[85.3528621, 27.6764754]",{},{},85.9157196,26.9813826
644,644,lalgad,"[85.9157196, 26.9813826]",{},{},85.3491484,27.6827395
645,645,sudha polyclinic( medical report for foreign employees),"[85.3491484, 27.6827395]",{},{},85.3135768,27.5768323
646,646,ananda ban hospital,"[85.3135768, 27.5768323]",{},{},84.4266151,27.7466675
647,647,devghat dharmartha hospital,"[84.4266151, 27.7466675]",{},{},81.6069215,29.1808186
648,648,"raku health post, kalikot","[81.6069215, 29.1808186]",{},{},83.5303426,27.5865534
649,649,tilottama health care pvt. ltd.,"[83.5303426, 27.5865534]",{},{},84.0059428,28.2031193
650,650,annapurna bal tatha mahila hospital,"[84.0059428, 28.2031193]",{},{},88.0994293,26.6585166
651,651,dhulabari hospital,"[88.0994293, 26.6585166]",{},{},88.0946171,26.6670044
652,652,amda hospital,"[88.0946171, 26.6670044]",{},{},85.3363682,27.7042138
653,653,swacon hospitalस्वाकन हस्पिटल ७।,"[85.3363682, 27.7042138]",{},{},85.16843,27.6489421
654,654,chitlang sub hospital,"[85.16843, 27.6489421]",{},{},85.307095,27.6960775
655,655,valley dental,"[85.307095, 27.6960775]",{},{},84.8957056,27.0116726
656,656,nmc,"[84.8957056, 27.0116726]",{},{},85.2752829,27.6684119
657,657,aayurvedic,"[85.2752829, 27.6684119]",{},{},86.1776773,27.424741
658,658,dhobi health post,"[86.1776773, 27.424741]",{},{},81.6285476,28.7892703
659,659,malika hp,"[81.6285476, 28.7892703]",{},{},81.8104005,28.9062506
660,660,naumile phc,"[81.8104005, 28.9062506]",{},{},81.8383173,28.806299
661,661,rum hp dailekh,"[81.8383173, 28.806299]",{},{},81.6254679,28.8958911
662,662,badalamji hp,"[81.6254679, 28.8958911]",{},{},81.4783956,28.9518449
663,663,saatala hp dailekh,"[81.4783956, 28.9518449]",{},{},81.4542329,28.9907395
664,664,singausi hp dailekh,"[81.4542329, 28.9907395]",{},{},81.7430314,28.8797132
665,665,tribeni hp dailekh,"[81.7430314, 28.8797132]",{},{},81.5254489,28.9678064
666,666,lakandra phc dailekh,"[81.5254489, 28.9678064]",{},{},81.6899572,28.9285325
667,667,raniban hp,"[81.6899572, 28.9285325]",{},{},81.6958946,28.8957039
668,668,kharigaira hp,"[81.6958946, 28.8957039]",{},{},81.6243966,28.9271707
669,669,bhairikalikathun hp,"[81.6243966, 28.9271707]",{},{},81.6880453,28.7536724
670,670,dandaparajul hp,"[81.6880453, 28.7536724]",{},{},81.5419787,28.9255305
671,671,jambukadh hp dailekh,"[81.5419787, 28.9255305]",{},{},81.4620293,29.06364
672,672,rakam karnali hp,"[81.4620293, 29.06364]",{},{},85.3706839,27.7291945
673,673,himalaya healing centre,"[85.3706839, 27.7291945]",{},{},86.1453994,27.307949
674,674,okhreni health post,"[86.1453994, 27.307949]",{},{},84.4978511,28.0942642
675,675,chakratirtha ayurbed ausadhalayatinpiple,"[84.4978511, 28.0942642]",{},{},81.3473261,28.2028096
676,676,"district hospital, bardiya","[81.3473261, 28.2028096]",{},{},83.4665785,27.6965718
677,677,lumbini city hospital,"[83.4665785, 27.6965718]",{},{},86.2827832,26.6938469
678,678,अर्नामा स्वास्थ्य चौकी,"[86.2827832, 26.6938469]",{},{},83.1257913,27.9730724
679,679,om polyclicnic hospital,"[83.1257913, 27.9730724]",{},{},83.1272929,27.9739275
680,680,sanjib farmacy,"[83.1272929, 27.9739275]",{},{},86.0494397,27.6714169
681,681,phc charikot dolakha,"[86.0494397, 27.6714169]",{},{},85.3272007,27.7983383
682,682,we serve polyclinic,"[85.3272007, 27.7983383]",{},{},83.8625154,28.1230022
683,683,ganeshpur health post,"[83.8625154, 28.1230022]",{},{},87.2771152,26.6620836
684,684,samudayak hospital,"[87.2771152, 26.6620836]",{},{},83.8351194,28.1401339
685,685,aandhikhola community hos,"[83.8351194, 28.1401339]",{},{},85.9203841,26.7325957
686,686,janaki health care and research centre,"[85.9203841, 26.7325957]",{},{},87.2733411,26.6631115
687,687,itahari medical hall,"[87.2733411, 26.6631115]",{},{},85.3115909,27.6830328
688,688,mental asylum,"[85.3115909, 27.6830328]",{},{},84.406664,27.9415501
689,689,bandipur hospital,"[84.406664, 27.9415501]",{},{},81.614199,28.0878952
690,690,"shining hospital inf nepal, banke","[81.614199, 28.0878952]",{},{},87.2772846,26.6620578
691,691,samudayik hospital,"[87.2772846, 26.6620578]",{},{},85.3324122,27.6892061
692,692,let mein korean aesthetic,"[85.3324122, 27.6892061]",{},{},85.9543414,27.7689843
693,693,"chokati health post, tripurasundari rural municipality","[85.9543414, 27.7689843]",{},{},85.3324587,27.6891653
694,694,let me in,"[85.3324587, 27.6891653]",{},{},85.3610239,27.6045871
695,695,ayushya health home (pvt) ltd,"[85.3610239, 27.6045871]",{},{},80.8100587,29.6450002
696,696,kafalseri health post,"[80.8100587, 29.6450002]",{},{},85.7975045,26.8203635
697,697,ramgopalpur phcc,"[85.7975045, 26.8203635]",{},{},85.7861775,26.9199585
698,698,"gaushala phcc, mahottari","[85.7861775, 26.9199585]",{},{},83.0437463,27.6594394
699,699,gorusinge healthpost,"[83.0437463, 27.6594394]",{},{},83.9769179,28.2066295
700,700,janapriya hospital,"[83.9769179, 28.2066295]",{},{},87.9691129,26.8766817
701,701,primary health care center (godak),"[87.9691129, 26.8766817]",{},{},87.9266972,26.9091887
702,702,district hospital ilam,"[87.9266972, 26.9091887]",{},{},85.3130213,27.7350965
703,703,binayak hospital,"[85.3130213, 27.7350965]",{},{},81.6774648,28.1989099
704,704,"nepalgunj medical college, kohalpur","[81.6774648, 28.1989099]",{},{},85.2740257,26.765032
705,705,district hospital rautahat,"[85.2740257, 26.765032]",{},{},80.8017476,29.5688362
706,706,देउलिकोट सामुदायिक स्वास्थ इकाइ केन्द्र पातल,"[80.8017476, 29.5688362]",{},{},81.6177763,28.0475985
707,707,maa jankaki hospital,"[81.6177763, 28.0475985]",{},{},84.2723775,27.578431
708,708,shukranagar health post,"[84.2723775, 27.578431]",{},{},81.6358914,28.059682
709,709,brinos,"[81.6358914, 28.059682]",{},{},81.6182031,28.0523238
710,710,health care aspatal tatha prasutigriha,"[81.6182031, 28.0523238]",{},{},81.6172203,28.0524772
711,711,western hospital,"[81.6172203, 28.0524772]",{},{},81.6366501,28.0589056
712,712,fateh-bal aakha aspatal,"[81.6366501, 28.0589056]",{},{},81.6139383,28.0547162
713,713,specialist hospital pvt ltd,"[81.6139383, 28.0547162]",{},{},87.7031023,26.6712262
714,714,damak hospital,"[87.7031023, 26.6712262]",{},{},81.6066116,28.0315666
715,715,aurbadic aspatal,"[81.6066116, 28.0315666]",{},{},81.6460474,28.0599708
716,716,phultekra barrack aarmi hospital,"[81.6460474, 28.0599708]",{},{},83.6659656,27.5316825
717,717,prithivi chandra hospital,"[83.6659656, 27.5316825]",{},{},86.2205761,26.6353152
718,718,"laxminiya hospital, siraha-18","[86.2205761, 26.6353152]",{},{},85.3071155,27.6949625
719,719,teku hospital,"[85.3071155, 27.6949625]",{},{},80.5532026,28.8117721
720,720,shikhar dental hospital,"[80.5532026, 28.8117721]",{},{},86.2208184,26.6355752
721,721,"siraha-18, laxminiya","[86.2208184, 26.6355752]",{},{},87.9840073,26.6439959
722,722,birta city,"[87.9840073, 26.6439959]",{},{},84.8799835,27.8064806
723,723,"primary health center, gajuri","[84.8799835, 27.8064806]",{},{},85.2455504,27.9874396
724,724,chiti health post चीती स्वास्थ्य केन्द्र,"[85.2455504, 27.9874396]",{},{},85.2964836,28.1104436
725,725,rasuwa district hospital,"[85.2964836, 28.1104436]",{},{},86.1923878,27.1677688
726,726,ayurvedic,"[86.1923878, 27.1677688]",{},{},81.6140979,28.0546674
727,727,bishesagya children's hospital,"[81.6140979, 28.0546674]",{},{},86.0896257,26.801766
728,728,sabaila health post,"[86.0896257, 26.801766]",{},{},81.4137174,29.0569448
729,729,kuchi health post,"[81.4137174, 29.0569448]",{},{},81.7950604,29.1127013
730,730,health post chilkhaya,"[81.7950604, 29.1127013]",{},{},85.3377249,27.6937636
731,731,suruchi home care,"[85.3377249, 27.6937636]",{},{},86.5432502,27.3006892
732,732,rumjatar hospital,"[86.5432502, 27.3006892]",{},{},81.5731403,28.1295462
733,733,sushil koirala memorial cancer hospital,"[81.5731403, 28.1295462]",{},{},87.2691151,26.8097233
734,734,delivery and pregnancy dept,"[87.2691151, 26.8097233]",{},{},87.284345,26.8104918
735,735,vijaypur hospital pvt ltd,"[87.284345, 26.8104918]",{},{},85.0311902,27.4319484
736,736,makawanpur sahakari hospital,"[85.0311902, 27.4319484]",{},{},80.5896815,29.3047327
737,737,dadeldhura sub regional hospital,"[80.5896815, 29.3047327]",{},{},84.5663109,27.6061966
738,738,khairahani primary health post,"[84.5663109, 27.6061966]",{},{},86.061187,27.3800555
739,739,tamakoshi hospital,"[86.061187, 27.3800555]",{},{},86.0617726,27.3808768
740,740,district health office manthali ramechhap,"[86.0617726, 27.3808768]",{},{},80.9675475,28.5020652
741,741,bhajani phc,"[80.9675475, 28.5020652]",{},{},82.4919677,28.037676
742,742,rapti sub-regional hospital,"[82.4919677, 28.037676]",{},{},80.5868528,29.2991888
743,743,old district hospital,"[80.5868528, 29.2991888]",{},{},85.3255176,27.7529519
744,744,grande hospital,"[85.3255176, 27.7529519]",{},{},83.2841598,27.477478
745,745,lumbini netra bigyan adhyan sansthan,"[83.2841598, 27.477478]",{},{},86.1253693,26.6787936
746,746,machi jhitkaiya health post,"[86.1253693, 26.6787936]",{},{},87.9290176,26.5069008
747,747,rajgadh ilaka helthpost,"[87.9290176, 26.5069008]",{},{},87.7858356,26.9679329
748,748,ekatappa ayruvedic hospital,"[87.7858356, 26.9679329]",{},{},84.8791627,27.0372775
749,749,parsauni  birta health post,"[84.8791627, 27.0372775]",{},{},84.8897138,27.0738896
750,750,"maniyari health post, parsa","[84.8897138, 27.0738896]",{},{},85.3261844,27.7390611
751,751,south asian polyclinic and diagnostic centre,"[85.3261844, 27.7390611]",{},{},85.3174374,27.7348093
752,752,marie stopes nepal,"[85.3174374, 27.7348093]",{},{},84.8603903,27.0593835
753,753,harpatgunj health post,"[84.8603903, 27.0593835]",{},{},84.9186257,27.0757507
754,754,lipani birta health post,"[84.9186257, 27.0757507]",{},{},85.3378586,27.7424351
755,755,wellness hospital pvt. ltd.,"[85.3378586, 27.7424351]",{},{},86.7696444,26.4804953
756,756,launiya health post,"[86.7696444, 26.4804953]",{},{},86.7943601,26.4732562
757,757,sakarpura health post,"[86.7943601, 26.4732562]",{},{},87.2827623,26.4593227
758,758,biratnagar city hospital,"[87.2827623, 26.4593227]",{},{},86.9108114,26.6450802
759,759,kanchanpur phcc,"[86.9108114, 26.6450802]",{},{},85.9178845,26.7562551
760,760,manipal hospital janakpur,"[85.9178845, 26.7562551]",{},{},80.5684509,28.7111851
761,761,maya metro hospital,"[80.5684509, 28.7111851]",{},{},85.346459,27.721513
762,762,samaj dental,"[85.346459, 27.721513]",{},{},84.2303654,27.6745175
763,763,rajahar hospital,"[84.2303654, 27.6745175]",{},{},80.7438765,29.0536762
764,764,khasare hospital,"[80.7438765, 29.0536762]",{},{},85.3452849,27.7130487
765,765,huawei international hospital,"[85.3452849, 27.7130487]",{},{},85.3500342,27.6973131
766,766,bagmati health hub pvt. ltd,"[85.3500342, 27.6973131]",{},{},85.2810043,27.6990905
767,767,kathmandu city hospital,"[85.2810043, 27.6990905]",{},{},83.7214831,28.301832
768,768,deurali health post,"[83.7214831, 28.301832]",{},{},85.3118401,27.6736946
769,769,aarogya swasthya sadan,"[85.3118401, 27.6736946]",{},{},83.6725891,28.318922
770,770,lespar health post,"[83.6725891, 28.318922]",{},{},83.7446105,28.3157585
771,771,bhukatangle health post,"[83.7446105, 28.3157585]",{},{},83.7426082,28.2738722
772,772,gwangju clinic,"[83.7426082, 28.2738722]",{},{},85.3750363,27.6742186
773,773,nagarik community hospital,"[85.3750363, 27.6742186]",{},{},85.3881738,27.6722536
774,774,madhyapur hospital thimi,"[85.3881738, 27.6722536]",{},{},85.438899,27.6745463
775,775,district community eye center,"[85.438899, 27.6745463]",{},{},82.3502141,28.2316589
776,776,kapurkot health post,"[82.3502141, 28.2316589]",{},{},83.7842598,28.2825163
777,777,salyan health post,"[83.7842598, 28.2825163]",{},{},84.2826099,27.7511783
778,778,स्वास्थचौकी (health post),"[84.2826099, 27.7511783]",{},{},85.280008,27.6990484
779,779,universal dental hospital,"[85.280008, 27.6990484]",{},{},83.8641099,28.8154996
780,780,medical clinic,"[83.8641099, 28.8154996]",{},{},85.0820109,27.6284322
781,781,palung phc,"[85.0820109, 27.6284322]",{},{},82.0495183,29.2329467
782,782,tatopani health post,"[82.0495183, 29.2329467]",{},{},82.07338,29.1542883
783,783,lamabagar birthing center,"[82.07338, 29.1542883]",{},{},81.9379733,29.1834868
784,784,ghodemahadev health post,"[81.9379733, 29.1834868]",{},{},81.9743573,29.194757
785,785,jumlakot health post,"[81.9743573, 29.194757]",{},{},82.0510864,29.3054769
786,786,community health unit,"[82.0510864, 29.3054769]",{},{},81.9825581,29.3291382
787,787,municipality health post,"[81.9825581, 29.3291382]",{},{},81.9845162,29.3269279
788,788,ilaka health post,"[81.9845162, 29.3269279]",{},{},82.0224622,29.314531
789,789,district health post,"[82.0224622, 29.314531]",{},{},82.1269036,29.4156006
790,790,bumramadichaur ilaka health post,"[82.1269036, 29.4156006]",{},{},82.1420398,29.3977189
791,791,bumramadichaur health post,"[82.1420398, 29.3977189]",{},{},82.0594435,29.4287585
792,792,kankasundari rural municipality health post,"[82.0594435, 29.4287585]",{},{},82.017476,29.4089342
793,793,hatsinjha health post,"[82.017476, 29.4089342]",{},{},83.6473238,28.1570874
794,794,devisthan government hospital,"[83.6473238, 28.1570874]",{},{},81.8939441,27.8767267
795,795,lakshmanpur phcc,"[81.8939441, 27.8767267]",{},{},85.3253255,27.7375473
796,796,mahendra narayan nidhi memorials hospital,"[85.3253255, 27.7375473]",{},{},87.3800687,26.6695986
797,797,sukuna samudaik hospital,"[87.3800687, 26.6695986]",{},{},85.542822,27.0918289
798,798,hariwan hospital,"[85.542822, 27.0918289]",{},{},85.7329085,27.2643454
799,799,kapilakot sub-health office,"[85.7329085, 27.2643454]",{},{},87.6883786,26.9355373
800,800,rabi primary health centre,"[87.6883786, 26.9355373]",{},{},87.8261198,27.2367511
801,801,gopetar phc ward,"[87.8261198, 27.2367511]",{},{},83.7852423,28.1340388
802,802,"माझकटेरी हस्पताल,राजास्वारा","[83.7852423, 28.1340388]",{},{},86.4893434,26.7094577
803,803,friends model hospital,"[86.4893434, 26.7094577]",{},{},86.4924065,26.7084939
804,804,sagarmatha chaudhary eye hospital,"[86.4924065, 26.7084939]",{},{},85.3608043,27.774565
805,805,shivaji pharma,"[85.3608043, 27.774565]",{},{},83.708135,27.5296643
806,806,manari health post,"[83.708135, 27.5296643]",{},{},86.1307894,27.6451347
807,807,hch hospital,"[86.1307894, 27.6451347]",{},{},85.3321291,27.7393807
808,808,teaching,"[85.3321291, 27.7393807]",{},{},84.0253713,28.6647581
809,809,himalayan rescue association,"[84.0253713, 28.6647581]",{},{},85.9559969,27.7723879
810,810,chokati swastha chauki,"[85.9559969, 27.7723879]",{},{},84.5931872,27.93413
811,811,"बक्राङ्ग स्वास्थ चौकी , गोरखा","[84.5931872, 27.93413]",{},{},81.5036729,28.1721297
812,812,sorahawa phc,"[81.5036729, 28.1721297]",{},{},86.2312204,27.6350711
813,813,dolakha district hospital,"[86.2312204, 27.6350711]",{},{},83.4965403,27.6281194
814,814,janasewa medical hall,"[83.4965403, 27.6281194]",{},{},81.6427163,28.0079863
815,815,hirmaniya hp,"[81.6427163, 28.0079863]",{},{},85.3261959,27.7153293
816,816,metro radiology pvt ltd.,"[85.3261959, 27.7153293]",{},{},82.1830652,29.282838
817,817,karnali academy of health sciences,"[82.1830652, 29.282838]",{},{},84.2449226,27.5813711
818,818,meghauli health post center,"[84.2449226, 27.5813711]",{},{},84.0145242,27.8244944
819,819,bakamalang health post (बाकामलाङ हेल्थ पोस्ट ),"[84.0145242, 27.8244944]",{},{},81.5386808,30.0711053
820,820,muchu health post,"[81.5386808, 30.0711053]",{},{},81.8288354,29.695656
821,821,lauthi health post,"[81.8288354, 29.695656]",{},{},81.790597,29.9763563
822,822,dadafaya health post,"[81.790597, 29.9763563]",{},{},81.9526367,29.7789676
823,823,saya health post,"[81.9526367, 29.7789676]",{},{},84.647658,28.1564784
824,824,bhachchek health post,"[84.647658, 28.1564784]",{},{},85.3200908,27.6895434
825,825,norvic international centre for health evaluation,"[85.3200908, 27.6895434]",{},{},82.3144033,28.1617907
826,826,rapti eye hospital tulsipur dang,"[82.3144033, 28.1617907]",{},{},80.9679306,28.4923355
827,827,sapkota clinic bhajani,"[80.9679306, 28.4923355]",{},{},80.9684551,28.4918324
828,828,"jain medical store, bhajani","[80.9684551, 28.4918324]",{},{},80.9214225,28.5474018
829,829,"swastha chauki, ganjauwaha","[80.9214225, 28.5474018]",{},{},81.0240519,28.5120813
830,830,bishnapur swastha chauki,"[81.0240519, 28.5120813]",{},{},80.9308331,28.4810765
831,831,ayurbet aausadalaya ganeshman,"[80.9308331, 28.4810765]",{},{},80.9299432,28.4854102
832,832,sahari swastha chauki charra,"[80.9299432, 28.4854102]",{},{},82.1798724,28.5113274
833,833,gurudase health unit,"[82.1798724, 28.5113274]",{},{},82.1516465,28.5851803
834,834,siwikot health post,"[82.1516465, 28.5851803]",{},{},82.2410714,28.5539584
835,835,badagaun health post,"[82.2410714, 28.5539584]",{},{},82.197917,28.5401124
836,836,marmaparikanda health post,"[82.197917, 28.5401124]",{},{},84.9300161,27.9775633
837,837,katunje health post,"[84.9300161, 27.9775633]",{},{},84.9336344,27.9695425
838,838,pujari dada khop kendra,"[84.9336344, 27.9695425]",{},{},84.9223098,27.9729146
839,839,umesh pharmacy,"[84.9223098, 27.9729146]",{},{},84.922581,27.9723389
840,840,bibek medical,"[84.922581, 27.9723389]",{},{},84.320655,27.45416
841,841,baghauda hospital,"[84.320655, 27.45416]",{},{},85.3096796,27.7118011
842,842,family beauty parlour and therapy centre pvt. ltd.,"[85.3096796, 27.7118011]",{},{},86.8203412,27.8935311
843,843,medical center,"[86.8203412, 27.8935311]",{},{},85.2971744,27.6994193
844,844,nepal anti tuberculosis association,"[85.2971744, 27.6994193]",{},{},82.3397478,28.1143897
845,845,provincial ayurvedic hospital,"[82.3397478, 28.1143897]",{},{},81.836658,29.9829094
846,846,healt post,"[81.836658, 29.9829094]",{},{},85.4664808,26.9987325
847,847,hanumant hospital pvt.ltd,"[85.4664808, 26.9987325]",{},{},85.4596654,27.0037575
848,848,barahathawa health-post,"[85.4596654, 27.0037575]",{},{},81.2223329,29.2189942
849,849,"bayalgada hospital,achham","[81.2223329, 29.2189942]",{},{},83.770823,28.2920259
850,850,samudayek swasthiye ikai,"[83.770823, 28.2920259]",{},{},81.6173954,30.0081101
851,851,chala community health unit,"[81.6173954, 30.0081101]",{},{},86.3600175,26.6206021
852,852,khoksi sub-hospital खोक्सी अस्पताल,"[86.3600175, 26.6206021]",{},{},81.3311622,30.1522132
853,853,hilsa hospital,"[81.3311622, 30.1522132]",{},{},81.7795836,29.6230051
854,854,dhakal health clinic and medical,"[81.7795836, 29.6230051]",{},{},81.794897,29.9786606
855,855,sunshine medical hospital,"[81.794897, 29.9786606]",{},{},81.8012515,30.0317045
856,856,hepka health post,"[81.8012515, 30.0317045]",{},{},85.3188818,27.6614719
857,857,ganesh maan singh memorial hospital and research center,"[85.3188818, 27.6614719]",{},{},82.0800825,29.7439599
858,858,mimi health post,"[82.0800825, 29.7439599]",{},{},81.9553859,29.8172851
859,859,rodikot health post,"[81.9553859, 29.8172851]",{},{},81.9627779,29.7926725
860,860,gothi health post birthing center,"[81.9627779, 29.7926725]",{},{},81.9644615,29.7997735
861,861,gothi health post,"[81.9644615, 29.7997735]",{},{},85.2034611,27.9937784
862,862,kalika community hospital कालिका सामुदायिक अस्पताल,"[85.2034611, 27.9937784]",{},{},85.2811574,26.7765406
863,863,gaur eye hospital,"[85.2811574, 26.7765406]",{},{},82.1415806,29.5672813
864,864,nigala swasthechauki,"[82.1415806, 29.5672813]",{},{},82.1560387,29.5423758
865,865,"hospital, doctors","[82.1560387, 29.5423758]",{},{},82.1459733,29.5983267
866,866,bam hospital,"[82.1459733, 29.5983267]",{},{},82.14605,29.598255
867,867,kisor kisori youn tatha prajanan sewa,"[82.14605, 29.598255]",{},{},82.226385,29.53006
868,868,community health shobha,"[82.226385, 29.53006]",{},{},82.1919782,29.5265462
869,869,rowa birth centre,"[82.1919782, 29.5265462]",{},{},83.9840557,28.2101557
870,870,aashirbaad medical,"[83.9840557, 28.2101557]",{},{},82.21883,28.1563916
871,871,binaya pharmacy,"[82.21883, 28.1563916]",{},{},82.2190687,28.1569568
872,872,santinagar healthpost,"[82.2190687, 28.1569568]",{},{},81.6683058,28.0607907
873,873,puraina helath post,"[81.6683058, 28.0607907]",{},{},87.7610828,26.6013293
874,874,topgachhi health post kyaampa,"[87.7610828, 26.6013293]",{},{},81.7095019,28.0112709
875,875,"betahani health post, duduwa rural municipality","[81.7095019, 28.0112709]",{},{},81.5395444,30.0700298
876,876,muchu health center,"[81.5395444, 30.0700298]",{},{},81.8764092,29.9174858
877,877,kharpunath hospital,"[81.8764092, 29.9174858]",{},{},81.950439,29.7793467
878,878,himalaya community hospital,"[81.950439, 29.7793467]",{},{},,
